{
    "rmse": 0.6668329311970776,
    "mae": 0.5181417474949527,
    "r2": 0.272202368134725
}